project_id,project_name,department_name,budget,status
1,Empower Next-Generation Models Initiative,Human Resources,2908434,active
2,Morph Strategic Content Initiative,Finance,4691178,completed
3,Facilitate Vertical Partnerships Initiative,Sales,2411470,planned
4,Syndicate Value-Added Initiatives Initiative,Human Resources,1685383,planned
5,Envisioneer 24/7 Content Initiative,Engineering,4907247,active
6,Iterate Robust E-Business Initiative,Sales,3439916,active
7,Optimize Global Niches Initiative,Engineering,4235605,active
8,Generate B2C E-Tailers Initiative,Operations,4746644,active
9,Iterate Cutting-Edge Partnerships Initiative,Operations,2914520,active
10,Re-Intermediate Transparent Eyeballs Initiative,Sales,3334371,completed
11,Scale Leading-Edge Paradigms Initiative,Finance,4222086,planned
12,Reinvent World-Class Portals Initiative,Research & Development,869860,active
13,Seize Turn-Key Platforms Initiative,Finance,3393066,active
14,Deploy E-Business Web-Readiness Initiative,Research & Development,54516,active
15,Engineer Open-Source Vortals Initiative,Human Resources,1923472,on_hold
16,Generate Integrated Deliverables Initiative,Human Resources,1661457,active
17,Repurpose Dot-Com Applications Initiative,Sales,1290132,active
18,Repurpose Leading-Edge Models Initiative,Engineering,4824325,active
19,Redefine Out-Of-The-Box E-Tailers Initiative,Operations,169729,planned
20,Seize B2C Functionalities Initiative,Operations,2612467,planned
21,Generate Vertical Action-Items Initiative,Human Resources,3982970,active
22,Synthesize Cutting-Edge Technologies Initiative,Research & Development,3738022,active
23,Architect Next-Generation Architectures Initiative,Finance,2246318,active
24,E-Enable Enterprise Eyeballs Initiative,Finance,133333,active
25,Benchmark Ubiquitous Schemas Initiative,Operations,433893,active
26,Evolve Integrated Markets Initiative,Human Resources,369655,active
27,Matrix Proactive E-Business Initiative,Finance,2233524,completed
28,Iterate Front-End Vortals Initiative,Finance,4126677,active
29,Monetize Frictionless Roi Initiative,Operations,3450886,completed
30,Implement Efficient Markets Initiative,Sales,2815859,planned
31,Strategize Sticky Synergies Initiative,Engineering,170364,completed
32,Re-Intermediate Bricks-And-Clicks E-Business Initiative,Engineering,829524,active
33,Empower Ubiquitous Systems Initiative,Engineering,1863714,active
34,Aggregate Open-Source Niches Initiative,Operations,1453244,completed
35,Incentivize Magnetic Models Initiative,Research & Development,810956,active
36,Utilize B2C Web-Readiness Initiative,Engineering,2743702,active
37,Expedite Back-End Info-Mediaries Initiative,Operations,4279082,active
38,Transform Virtual E-Business Initiative,Finance,2572330,active
39,Architect Innovative Infrastructures Initiative,Finance,120265,active
40,Optimize End-To-End Interfaces Initiative,Operations,558739,planned
41,Generate Granular Infrastructures Initiative,Finance,3060106,active
42,Repurpose Customized Architectures Initiative,Research & Development,4058438,planned
43,Visualize Efficient Architectures Initiative,Finance,4391617,active
44,Revolutionize Wireless Architectures Initiative,Engineering,3192722,active
45,Leverage Proactive Partnerships Initiative,Human Resources,4261211,active
46,Harness Next-Generation E-Services Initiative,Human Resources,4689663,active
47,Harness Bricks-And-Clicks Systems Initiative,Finance,704101,active
48,Matrix Killer Interfaces Initiative,Finance,4713171,active
49,Re-Contextualize Clicks-And-Mortar Methodologies Initiative,Operations,1266532,active
50,Deploy Robust Functionalities Initiative,Operations,2674130,active
51,Iterate Plug-And-Play Experiences Initiative,Research & Development,3984015,active
52,Exploit Leading-Edge E-Services Initiative,Sales,3770385,active
53,Redefine Bleeding-Edge E-Services Initiative,Sales,3614441,completed
54,Streamline Scalable Infrastructures Initiative,Human Resources,1058780,active
55,Re-Intermediate Out-Of-The-Box Networks Initiative,Human Resources,1304601,on_hold
56,Visualize Front-End Vortals Initiative,Research & Development,3362079,active
57,Grow Enterprise Applications Initiative,Engineering,4098378,active
58,Streamline Wireless Web Services Initiative,Sales,4409378,planned
59,Target Enterprise Networks Initiative,Engineering,3464041,completed
60,Integrate Integrated Action-Items Initiative,Human Resources,4264349,on_hold
61,E-Enable Enterprise Markets Initiative,Finance,4985340,completed
62,Evolve Bricks-And-Clicks Niches Initiative,Human Resources,514685,active
63,Evolve B2B Architectures Initiative,Sales,43614,completed
64,Harness Magnetic Synergies Initiative,Engineering,4326544,active
65,Deploy World-Class Channels Initiative,Research & Development,1480707,active
66,Repurpose Innovative Applications Initiative,Finance,4428510,planned
67,Re-Intermediate Transparent Metrics Initiative,Operations,4767290,completed
68,Benchmark Mission-Critical Web Services Initiative,Human Resources,3077029,active
69,Incubate Global Functionalities Initiative,Sales,596619,completed
70,Engineer Interactive Infrastructures Initiative,Human Resources,4469013,active
71,Drive Value-Added Channels Initiative,Research & Development,4326442,active
72,Visualize Extensible Niches Initiative,Operations,4471500,active
73,Visualize B2B E-Business Initiative,Human Resources,3251605,planned
74,Maximize Cross-Platform Interfaces Initiative,Human Resources,2857380,active
75,Maximize Back-End Architectures Initiative,Operations,3300537,planned
76,Enhance Vertical E-Tailers Initiative,Finance,4872421,on_hold
77,Embrace Mission-Critical Users Initiative,Finance,1796205,active
78,Integrate Holistic Markets Initiative,Finance,3759442,planned
79,Re-Intermediate Transparent Schemas Initiative,Operations,2104154,active
80,Facilitate Open-Source Systems Initiative,Engineering,1324032,active
81,Redefine Back-End Niches Initiative,Sales,1714697,active
82,Empower Value-Added E-Markets Initiative,Engineering,90536,active
83,Productize Bricks-And-Clicks Channels Initiative,Sales,492643,completed
84,Syndicate Front-End Action-Items Initiative,Finance,4822244,active
85,Extend Mission-Critical Communities Initiative,Engineering,907152,active
86,Repurpose Ubiquitous Deliverables Initiative,Finance,4678130,completed
87,Revolutionize Plug-And-Play Platforms Initiative,Engineering,1072244,active
88,Evolve Next-Generation Convergence Initiative,Operations,1060827,active
89,Aggregate Cross-Platform Eyeballs Initiative,Human Resources,2609957,active
90,Deploy 24/7 Deliverables Initiative,Finance,2886622,on_hold
91,Synthesize B2C E-Markets Initiative,Engineering,1613523,completed
92,Aggregate Impactful Roi Initiative,Finance,1315193,active
93,Cultivate Dot-Com E-Business Initiative,Finance,4676206,active
94,Visualize Vertical Convergence Initiative,Research & Development,245486,on_hold
95,Integrate Sticky Action-Items Initiative,Operations,3115429,planned
96,Benchmark Rich Deliverables Initiative,Sales,1230434,active
97,Unleash Visionary Convergence Initiative,Sales,4182809,completed
98,Enable Bricks-And-Clicks Paradigms Initiative,Research & Development,2102717,active
99,Facilitate Distributed Networks Initiative,Operations,752567,on_hold
100,Aggregate Granular Users Initiative,Engineering,89079,completed
101,Monetize Revolutionary Technologies Initiative,Sales,3864686,active
102,Re-Contextualize Collaborative Functionalities Initiative,Sales,2224955,active
103,Mesh Virtual Supply-Chains Initiative,Operations,353658,active
104,Benchmark Front-End E-Commerce Initiative,Engineering,3623866,active
105,Transform Virtual Communities Initiative,Operations,816249,active
106,Revolutionize Sticky Methodologies Initiative,Operations,4933739,active
107,Strategize Enterprise Niches Initiative,Human Resources,3951124,active
108,Envisioneer Sticky Roi Initiative,Engineering,1376909,active
109,E-Enable Next-Generation Relationships Initiative,Engineering,2020660,active
110,Engineer B2B E-Business Initiative,Operations,4621072,active
111,Grow Visionary Architectures Initiative,Engineering,512231,planned
112,Re-Intermediate Enterprise Eyeballs Initiative,Engineering,4990924,completed
113,Synthesize Mission-Critical Niches Initiative,Finance,3446796,planned
114,Embrace Real-Time Infrastructures Initiative,Research & Development,3798160,active
115,Monetize Real-Time Partnerships Initiative,Research & Development,1394330,completed
116,Engineer B2C Web-Readiness Initiative,Research & Development,1513479,active
117,Cultivate Viral Functionalities Initiative,Human Resources,3275393,active
118,Cultivate Front-End Web-Readiness Initiative,Engineering,1898487,active
119,Re-Contextualize Robust Infrastructures Initiative,Engineering,1769140,active
120,Scale Clicks-And-Mortar E-Commerce Initiative,Research & Development,2430826,active
121,Incentivize Customized Metrics Initiative,Engineering,3396463,active
122,Deploy Viral Mindshare Initiative,Research & Development,3335544,active
123,Deliver Efficient Convergence Initiative,Sales,1542516,completed
124,Synthesize Leading-Edge Content Initiative,Operations,2457613,active
125,Aggregate Next-Generation Bandwidth Initiative,Human Resources,1437316,active
126,Synthesize One-To-One Experiences Initiative,Sales,3171100,active
127,Expedite Frictionless Bandwidth Initiative,Operations,3761996,active
128,Generate Cross-Platform Convergence Initiative,Human Resources,3484189,active
129,Scale Out-Of-The-Box Solutions Initiative,Sales,4981971,active
130,Facilitate Impactful Solutions Initiative,Research & Development,2838945,completed
131,Re-Contextualize Front-End E-Services Initiative,Human Resources,1848497,active
132,Enable End-To-End Synergies Initiative,Finance,3472734,active
133,Enable Customized Methodologies Initiative,Research & Development,3786885,active
134,Drive Real-Time Info-Mediaries Initiative,Operations,244770,planned
135,Innovate Synergistic Niches Initiative,Sales,533608,active
136,Transform Strategic Schemas Initiative,Engineering,2656833,planned
137,Architect Out-Of-The-Box Supply-Chains Initiative,Research & Development,2607092,active
138,Visualize Customized Portals Initiative,Sales,954038,completed
139,Incentivize Viral E-Commerce Initiative,Human Resources,4306542,planned
140,Maximize Magnetic Networks Initiative,Finance,2234346,active
141,Brand Dynamic Channels Initiative,Research & Development,280353,completed
142,Extend Extensible Portals Initiative,Human Resources,688770,active
143,Innovate Seamless Relationships Initiative,Operations,1023006,planned
144,E-Enable Clicks-And-Mortar Models Initiative,Human Resources,1287479,planned
145,Repurpose Vertical Roi Initiative,Human Resources,384606,active
146,Innovate Plug-And-Play Mindshare Initiative,Sales,2346238,active
147,Utilize Cross-Platform E-Tailers Initiative,Finance,2555128,planned
148,Iterate Cross-Platform Mindshare Initiative,Operations,1523886,active
149,Morph E-Business E-Services Initiative,Operations,3353303,active
150,Synthesize Killer Networks Initiative,Human Resources,2948362,on_hold
151,Target Bleeding-Edge Methodologies Initiative,Operations,763799,active
152,Cultivate Seamless Users Initiative,Operations,1086459,active
153,Unleash Virtual E-Services Initiative,Human Resources,677981,active
154,Benchmark Granular Networks Initiative,Engineering,1717354,planned
155,Leverage Rich Functionalities Initiative,Sales,4480095,active
156,Cultivate Global E-Services Initiative,Finance,3818106,active
157,Engineer Front-End Metrics Initiative,Operations,2226857,planned
158,Redefine Collaborative Info-Mediaries Initiative,Engineering,2154401,active
159,Grow Enterprise Content Initiative,Finance,401917,active
160,Deliver Transparent E-Commerce Initiative,Engineering,2866884,active
161,Enhance Enterprise Portals Initiative,Finance,2836049,active
162,Implement Visionary Users Initiative,Operations,4385769,planned
163,Incubate Collaborative Functionalities Initiative,Finance,1606499,completed
164,Streamline Holistic Action-Items Initiative,Human Resources,1895675,active
165,Harness Rich E-Markets Initiative,Human Resources,4802763,active
166,Innovate Viral Convergence Initiative,Research & Development,1919130,on_hold
167,Brand Cross-Platform E-Services Initiative,Finance,3324424,active
168,Re-Contextualize Proactive E-Markets Initiative,Operations,4579297,completed
169,Enhance Wireless Platforms Initiative,Research & Development,3381140,active
170,Mesh Proactive E-Business Initiative,Operations,4785542,active
171,Aggregate Dot-Com Functionalities Initiative,Operations,836980,active
172,Re-Intermediate Enterprise Convergence Initiative,Human Resources,2173857,planned
173,Extend Visionary E-Services Initiative,Human Resources,63744,active
174,E-Enable Front-End Schemas Initiative,Operations,2650253,active
175,Deliver Collaborative Niches Initiative,Sales,652644,active
176,Iterate Killer Eyeballs Initiative,Operations,3339530,active
177,Drive Cross-Media E-Services Initiative,Operations,3980917,active
178,Productize One-To-One Portals Initiative,Finance,4797296,active
179,Harness World-Class Web-Readiness Initiative,Human Resources,695378,active
180,Whiteboard End-To-End Bandwidth Initiative,Engineering,1858505,completed
181,Envisioneer End-To-End Initiatives Initiative,Finance,1416674,active
182,Benchmark Ubiquitous Models Initiative,Engineering,1540544,active
183,Extend Mission-Critical Niches Initiative,Sales,4283786,active
184,E-Enable Web-Enabled Synergies Initiative,Sales,1900381,planned
185,Innovate Cross-Platform Action-Items Initiative,Sales,3839948,completed
186,Optimize B2C Paradigms Initiative,Engineering,1155473,active
187,Synergize Cross-Media Channels Initiative,Sales,639404,active
188,Scale Global Interfaces Initiative,Finance,597361,active
189,Engineer Innovative Networks Initiative,Sales,4033969,active
190,Reinvent Enterprise Infrastructures Initiative,Engineering,4647378,active
191,Re-Contextualize Virtual Experiences Initiative,Human Resources,3646726,completed
192,Target World-Class Schemas Initiative,Operations,4844874,planned
193,Disintermediate Collaborative Architectures Initiative,Research & Development,2868881,on_hold
194,Benchmark Frictionless Supply-Chains Initiative,Sales,4405610,planned
195,Reinvent Real-Time Functionalities Initiative,Research & Development,2492971,active
196,Implement Frictionless Schemas Initiative,Finance,2603238,active
197,Benchmark Value-Added Models Initiative,Engineering,3096337,planned
198,Incubate Virtual Deliverables Initiative,Finance,3287561,active
199,Mesh Seamless E-Services Initiative,Engineering,513626,active
200,Exploit World-Class Solutions Initiative,Research & Development,2232228,active
201,Engineer Value-Added Functionalities Initiative,Operations,4593012,active
202,Target Scalable Systems Initiative,Operations,565855,active
203,E-Enable Bricks-And-Clicks Web-Readiness Initiative,Research & Development,4953961,planned
204,Iterate 24/7 Technologies Initiative,Human Resources,4999135,active
205,Aggregate World-Class Supply-Chains Initiative,Engineering,2809792,active
206,Visualize Synergistic Metrics Initiative,Sales,1408752,completed
207,Incubate Real-Time Metrics Initiative,Human Resources,4243488,active
208,Synergize Best-Of-Breed Paradigms Initiative,Research & Development,4236836,planned
209,Productize Compelling Web-Readiness Initiative,Operations,1121998,active
210,Productize Killer Supply-Chains Initiative,Operations,831387,active
211,Integrate Mission-Critical E-Services Initiative,Sales,3511921,active
212,Benchmark Customized E-Business Initiative,Sales,3257340,active
213,Extend Scalable Eyeballs Initiative,Sales,1568031,planned
214,Incubate Magnetic Channels Initiative,Research & Development,3597665,planned
215,Whiteboard World-Class E-Markets Initiative,Sales,2947257,completed
216,Repurpose Strategic Channels Initiative,Engineering,993985,completed
217,Scale Interactive Methodologies Initiative,Operations,2277740,planned
218,Disintermediate World-Class Deliverables Initiative,Engineering,1169132,planned
219,Transform Virtual Users Initiative,Engineering,1951639,active
220,Revolutionize Collaborative Web Services Initiative,Human Resources,878089,active
221,Aggregate Virtual Bandwidth Initiative,Finance,378368,active
222,Matrix Bleeding-Edge Users Initiative,Human Resources,2668316,completed
223,Orchestrate Dynamic Schemas Initiative,Finance,3987354,completed
224,Matrix Leading-Edge Supply-Chains Initiative,Human Resources,163223,active
225,Whiteboard Integrated Models Initiative,Finance,3418307,active
226,Generate Granular Niches Initiative,Research & Development,1303699,planned
227,Innovate Holistic Users Initiative,Operations,1925153,active
228,Enable Collaborative Models Initiative,Research & Development,4346781,active
229,Engineer Customized Systems Initiative,Research & Development,2442701,active
230,Drive B2C Web Services Initiative,Finance,3901879,active
231,Mesh Customized Action-Items Initiative,Sales,1713695,active
232,Morph Dot-Com Portals Initiative,Engineering,4516992,completed
233,Matrix Global Platforms Initiative,Operations,2369354,planned
234,Unleash Wireless Initiatives Initiative,Sales,462010,active
235,Redefine Visionary Paradigms Initiative,Sales,2334888,planned
236,Strategize Revolutionary Partnerships Initiative,Human Resources,1654450,active
237,Streamline Interactive Web-Readiness Initiative,Research & Development,966440,completed
238,Utilize Bleeding-Edge Bandwidth Initiative,Human Resources,381337,active
239,Generate Leading-Edge Applications Initiative,Operations,3768448,active
240,Maximize 24/365 E-Services Initiative,Engineering,2539115,active
241,Implement Cross-Media Technologies Initiative,Human Resources,2661773,completed
242,Utilize Magnetic Niches Initiative,Engineering,932001,active
243,Strategize Granular Communities Initiative,Engineering,3904590,active
244,Aggregate Customized Architectures Initiative,Finance,4433169,completed
245,Implement B2C E-Services Initiative,Operations,4881499,active
246,Morph Plug-And-Play Mindshare Initiative,Research & Development,1789045,active
247,Seize Intuitive Info-Mediaries Initiative,Sales,657322,active
248,Whiteboard Innovative Paradigms Initiative,Human Resources,3936974,planned
249,Morph B2C Solutions Initiative,Research & Development,1506402,active
250,Integrate Integrated E-Markets Initiative,Engineering,2289988,active
251,Transform Back-End Networks Initiative,Sales,1343359,planned
252,Architect Revolutionary E-Tailers Initiative,Sales,2068111,active
253,Cultivate Customized Supply-Chains Initiative,Sales,853156,planned
254,Incentivize Killer Interfaces Initiative,Operations,3574765,active
255,Repurpose Open-Source Applications Initiative,Sales,4175423,active
256,Deploy Plug-And-Play Communities Initiative,Sales,4710266,planned
257,Deploy E-Business Communities Initiative,Operations,4322290,active
258,E-Enable Interactive E-Markets Initiative,Engineering,1574034,active
259,Evolve Innovative Convergence Initiative,Sales,1801575,completed
260,Re-Intermediate Value-Added Networks Initiative,Human Resources,3012513,active
261,Seize Viral Solutions Initiative,Research & Development,3055811,active
262,Monetize Efficient E-Business Initiative,Engineering,4490072,active
263,Aggregate Innovative Applications Initiative,Finance,308597,completed
264,Mesh Scalable Paradigms Initiative,Sales,2480948,active
265,Morph Synergistic Eyeballs Initiative,Research & Development,2316003,completed
266,Transform Frictionless E-Tailers Initiative,Sales,2059125,active
267,Leverage Value-Added Deliverables Initiative,Human Resources,3425031,active
268,Transition User-Centric Markets Initiative,Research & Development,467311,active
269,Enhance Best-Of-Breed Action-Items Initiative,Operations,1107496,planned
270,Evolve 24/365 Action-Items Initiative,Sales,2042947,active
271,Deploy Turn-Key Roi Initiative,Research & Development,2514599,active
272,Transition Integrated Initiatives Initiative,Human Resources,1293371,active
273,Empower 24/7 Niches Initiative,Finance,1489063,active
274,Generate Revolutionary Web Services Initiative,Operations,1034139,active
275,Generate Granular Content Initiative,Engineering,2005883,active
276,Deliver Cross-Media E-Markets Initiative,Human Resources,1987439,active
277,Deliver Sticky Deliverables Initiative,Engineering,2915721,completed
278,Embrace Customized Supply-Chains Initiative,Sales,1249896,active
279,Aggregate 24/365 Mindshare Initiative,Sales,3434323,active
280,Aggregate Enterprise Content Initiative,Finance,4229998,planned
281,Empower Vertical Interfaces Initiative,Operations,4769896,planned
282,Repurpose Killer Relationships Initiative,Sales,2928764,active
283,Innovate Interactive E-Markets Initiative,Finance,1657879,completed
284,Transform Value-Added Channels Initiative,Operations,3705478,active
285,Generate Visionary Web-Readiness Initiative,Human Resources,316917,active
286,Deploy Synergistic Mindshare Initiative,Research & Development,3375405,active
287,Utilize Cutting-Edge Networks Initiative,Finance,147513,active
288,Redefine Synergistic Content Initiative,Operations,3619459,completed
289,Enable Value-Added Models Initiative,Finance,4502718,active
290,Embrace B2B E-Tailers Initiative,Engineering,2665189,planned
291,Architect Clicks-And-Mortar Bandwidth Initiative,Sales,1668296,active
292,Streamline Cutting-Edge Info-Mediaries Initiative,Finance,4199046,planned
293,Aggregate E-Business Portals Initiative,Engineering,2919371,on_hold
294,Target Bleeding-Edge Infrastructures Initiative,Finance,1925638,active
295,Optimize Interactive Models Initiative,Research & Development,2884289,active
296,Grow Sticky Initiatives Initiative,Engineering,2267204,completed
297,Deliver Dynamic Users Initiative,Research & Development,4952719,planned
298,Iterate Front-End Solutions Initiative,Human Resources,630312,planned
299,Iterate Holistic Systems Initiative,Operations,2124941,planned
300,Harness B2B Metrics Initiative,Human Resources,2918327,active
301,Streamline Strategic E-Tailers Initiative,Operations,4329892,active
302,Extend Wireless Functionalities Initiative,Sales,2712752,active
303,Evolve Out-Of-The-Box Markets Initiative,Human Resources,2762221,planned
304,Benchmark Killer Roi Initiative,Finance,1475548,active
305,Mesh Seamless Portals Initiative,Human Resources,4232094,planned
306,Re-Contextualize Intuitive Functionalities Initiative,Human Resources,1746605,active
307,Enable Visionary E-Services Initiative,Sales,3381724,on_hold
308,Harness Virtual Relationships Initiative,Human Resources,664515,active
309,Redefine Wireless Users Initiative,Finance,4921337,active
310,Reinvent Rich Vortals Initiative,Operations,106606,on_hold
311,Empower Best-Of-Breed Networks Initiative,Human Resources,2837254,active
312,Monetize One-To-One Niches Initiative,Sales,3134331,on_hold
313,Repurpose Synergistic E-Business Initiative,Operations,73673,on_hold
314,Utilize Efficient Portals Initiative,Finance,4044654,active
315,Iterate Frictionless Action-Items Initiative,Operations,3674482,on_hold
316,Synergize Intuitive Solutions Initiative,Operations,3761775,active
317,Engineer Web-Enabled E-Tailers Initiative,Finance,2603245,completed
318,Envisioneer Dynamic E-Markets Initiative,Human Resources,1480748,planned
319,Streamline User-Centric Applications Initiative,Research & Development,479507,completed
320,Scale Killer Initiatives Initiative,Finance,904670,active
321,E-Enable Best-Of-Breed Paradigms Initiative,Finance,2259427,active
322,Synthesize Frictionless Relationships Initiative,Research & Development,3255824,active
323,Seize Killer Systems Initiative,Operations,4070849,active
324,Orchestrate Intuitive Metrics Initiative,Operations,1477147,active
325,Envisioneer Cutting-Edge Mindshare Initiative,Operations,4458708,planned
326,Matrix Compelling Metrics Initiative,Operations,212150,on_hold
327,Enable Innovative Technologies Initiative,Research & Development,2404798,active
328,Generate Synergistic Vortals Initiative,Research & Development,465945,on_hold
329,Target Value-Added Bandwidth Initiative,Operations,2023879,active
330,Drive Dynamic Users Initiative,Research & Development,4388616,active
331,Iterate Distributed E-Markets Initiative,Research & Development,4222496,active
332,Repurpose Extensible Initiatives Initiative,Human Resources,720629,active
333,Optimize Mission-Critical Metrics Initiative,Engineering,773660,active
334,Transition Magnetic Roi Initiative,Sales,1481700,active
335,Facilitate Sticky E-Business Initiative,Sales,3907736,completed
336,Incubate Robust Methodologies Initiative,Research & Development,1932333,active
337,Iterate Granular Functionalities Initiative,Engineering,1863747,active
338,Expedite Open-Source Markets Initiative,Sales,3566607,active
339,Revolutionize Ubiquitous Platforms Initiative,Sales,2696713,active
340,Orchestrate Bricks-And-Clicks Partnerships Initiative,Finance,584641,completed
341,Mesh Transparent Metrics Initiative,Engineering,4022489,active
342,Innovate Bleeding-Edge Roi Initiative,Finance,2448874,active
343,Unleash Value-Added E-Commerce Initiative,Human Resources,2910979,completed
344,Integrate Ubiquitous Content Initiative,Engineering,3666456,active
345,Monetize Rich Niches Initiative,Finance,2484708,completed
346,Drive Robust Info-Mediaries Initiative,Finance,3608373,active
347,Synthesize User-Centric Synergies Initiative,Engineering,1770369,active
348,Scale User-Centric Functionalities Initiative,Operations,4776490,on_hold
349,Leverage Holistic Metrics Initiative,Sales,885676,completed
350,Optimize Virtual Web-Readiness Initiative,Finance,269128,active
351,Deliver Back-End Deliverables Initiative,Finance,2988508,planned
352,Enable Open-Source Schemas Initiative,Engineering,1922446,completed
353,Orchestrate Virtual Eyeballs Initiative,Finance,583001,active
354,Implement Frictionless Web Services Initiative,Research & Development,4664803,active
355,E-Enable Dynamic Technologies Initiative,Research & Development,1371319,active
356,Scale Innovative Info-Mediaries Initiative,Human Resources,3183545,active
357,Engineer Sticky Metrics Initiative,Human Resources,2367718,active
358,Productize Bleeding-Edge Roi Initiative,Sales,4213680,active
359,E-Enable Virtual E-Services Initiative,Operations,1919855,completed
360,Repurpose Transparent Mindshare Initiative,Research & Development,1080426,planned
361,Synergize Cross-Platform Convergence Initiative,Operations,403018,active
362,Leverage Frictionless Info-Mediaries Initiative,Engineering,4230210,planned
363,Productize Real-Time E-Markets Initiative,Human Resources,3333401,completed
364,Architect B2B Infrastructures Initiative,Sales,3422493,planned
365,Scale Granular Partnerships Initiative,Human Resources,4582687,active
366,Iterate Dynamic Partnerships Initiative,Finance,877823,planned
367,Iterate Vertical Users Initiative,Finance,739424,completed
368,Streamline Collaborative Metrics Initiative,Human Resources,1430056,active
369,Streamline Open-Source E-Tailers Initiative,Operations,654856,planned
370,Deliver Strategic Relationships Initiative,Research & Development,3258203,active
371,Aggregate Interactive Relationships Initiative,Research & Development,1338468,active
372,Deliver Proactive Networks Initiative,Sales,2933843,active
373,Transition Innovative Content Initiative,Human Resources,4978741,active
374,Mesh Mission-Critical Models Initiative,Finance,3963008,active
375,Grow Bleeding-Edge Schemas Initiative,Finance,3549053,planned
376,Strategize Impactful Applications Initiative,Research & Development,2394903,active
377,Empower Scalable Partnerships Initiative,Finance,4057566,planned
378,Incubate Efficient Channels Initiative,Human Resources,233256,active
379,Embrace Real-Time E-Services Initiative,Human Resources,957856,active
380,Enable Holistic Deliverables Initiative,Engineering,4092673,completed
381,Revolutionize Compelling Systems Initiative,Sales,3784461,active
382,Transition Enterprise Interfaces Initiative,Research & Development,494890,active
383,Transition Virtual Supply-Chains Initiative,Finance,918983,planned
384,Brand Web-Enabled Bandwidth Initiative,Sales,616130,planned
385,Architect Back-End Web Services Initiative,Human Resources,4533509,active
386,Re-Contextualize Back-End Web Services Initiative,Research & Development,4024907,active
387,Streamline E-Business Functionalities Initiative,Human Resources,2127516,active
388,Productize World-Class Technologies Initiative,Finance,685710,active
389,Generate Value-Added Vortals Initiative,Research & Development,1197756,completed
390,Extend Impactful Solutions Initiative,Human Resources,2382350,active
391,Whiteboard Sticky Networks Initiative,Human Resources,3224456,active
392,Benchmark Collaborative Systems Initiative,Engineering,872420,completed
393,Re-Intermediate Ubiquitous Applications Initiative,Human Resources,2992479,on_hold
394,Seize Ubiquitous E-Commerce Initiative,Human Resources,3204491,on_hold
395,Repurpose Bricks-And-Clicks Eyeballs Initiative,Research & Development,558221,active
396,Maximize B2C E-Commerce Initiative,Human Resources,1030361,active
397,Enhance Front-End E-Markets Initiative,Sales,2639801,active
398,Innovate Bricks-And-Clicks Paradigms Initiative,Operations,295646,active
399,Implement Real-Time Deliverables Initiative,Sales,488325,on_hold
400,Embrace Robust Functionalities Initiative,Research & Development,2619675,completed
401,Matrix Best-Of-Breed E-Services Initiative,Engineering,636254,active
402,Morph Bricks-And-Clicks Vortals Initiative,Research & Development,1660285,active
403,Maximize Distributed Web-Readiness Initiative,Finance,2686574,planned
404,Syndicate Holistic Models Initiative,Engineering,189330,active
405,Empower Dynamic Content Initiative,Engineering,2690255,active
406,Whiteboard Scalable Paradigms Initiative,Finance,1795201,planned
407,Synthesize Vertical Web-Readiness Initiative,Operations,2594425,active
408,Incubate Interactive E-Services Initiative,Sales,4357743,active
409,Seize Rich Eyeballs Initiative,Research & Development,4147329,completed
410,Iterate Virtual Niches Initiative,Sales,1318704,active
411,Empower Cross-Media Content Initiative,Research & Development,803120,completed
412,Productize Virtual Infrastructures Initiative,Engineering,4401525,active
413,Syndicate Compelling Architectures Initiative,Sales,3245670,completed
414,Cultivate Compelling Content Initiative,Finance,3683482,planned
415,Optimize Collaborative E-Markets Initiative,Sales,2234349,completed
416,Brand One-To-One Paradigms Initiative,Human Resources,3903619,completed
417,Innovate Granular Content Initiative,Research & Development,2807122,active
418,Revolutionize Proactive Roi Initiative,Sales,342056,active
419,Synergize Value-Added Applications Initiative,Human Resources,4872448,active
420,Facilitate Strategic Users Initiative,Research & Development,1301813,completed
421,Mesh 24/365 Web Services Initiative,Operations,740662,planned
422,Brand B2C E-Services Initiative,Research & Development,564668,completed
423,Revolutionize Web-Enabled Solutions Initiative,Human Resources,908840,completed
424,Orchestrate Impactful Applications Initiative,Sales,2696324,active
425,Enable Killer Convergence Initiative,Human Resources,1618305,planned
426,Benchmark World-Class Technologies Initiative,Finance,532897,active
427,Harness Bleeding-Edge Users Initiative,Research & Development,3623633,completed
428,Cultivate Web-Enabled Supply-Chains Initiative,Finance,3135080,completed
429,Syndicate Distributed Networks Initiative,Human Resources,1612148,completed
430,Evolve 24/7 Mindshare Initiative,Operations,316874,active
431,Expedite Next-Generation Synergies Initiative,Finance,3556858,planned
432,Orchestrate Robust Initiatives Initiative,Sales,4569116,active
433,Empower Viral E-Commerce Initiative,Human Resources,2785478,active
434,Leverage Robust Interfaces Initiative,Operations,4192410,active
435,Revolutionize Leading-Edge Users Initiative,Engineering,4752569,on_hold
436,Aggregate Dot-Com Metrics Initiative,Human Resources,4664290,active
437,Engineer Killer Deliverables Initiative,Human Resources,1626528,active
438,Productize Robust Convergence Initiative,Human Resources,671680,active
439,Grow B2B E-Tailers Initiative,Finance,2463573,planned
440,Incentivize Proactive Relationships Initiative,Finance,4916371,active
441,Facilitate Mission-Critical Architectures Initiative,Engineering,3266999,active
442,Empower Sticky Web-Readiness Initiative,Research & Development,3839214,active
443,Implement Best-Of-Breed Paradigms Initiative,Research & Development,2020923,active
444,Orchestrate Best-Of-Breed Experiences Initiative,Operations,4108932,completed
445,Enable Enterprise Partnerships Initiative,Human Resources,165404,planned
446,Productize Scalable Users Initiative,Engineering,2404110,active
447,Facilitate Real-Time Platforms Initiative,Operations,2537619,completed
448,Visualize Ubiquitous Supply-Chains Initiative,Engineering,1157377,planned
449,Morph Distributed Architectures Initiative,Research & Development,3113009,active
450,Matrix Cross-Media Action-Items Initiative,Finance,1993211,active
451,Extend Best-Of-Breed Deliverables Initiative,Sales,87897,on_hold
452,Mesh Transparent Platforms Initiative,Operations,3228440,active
453,Target Front-End E-Tailers Initiative,Finance,4748808,planned
454,Leverage Rich Infrastructures Initiative,Research & Development,2257276,active
455,Streamline 24/365 Content Initiative,Operations,2830733,active
456,Visualize Scalable Users Initiative,Sales,1236875,completed
457,Monetize Cross-Media Markets Initiative,Engineering,1735539,active
458,Strategize Turn-Key Web-Readiness Initiative,Operations,4982584,active
459,Engage Bricks-And-Clicks Synergies Initiative,Research & Development,1635401,active
460,Repurpose Web-Enabled Solutions Initiative,Sales,404138,completed
461,Syndicate Open-Source Paradigms Initiative,Sales,2396432,active
462,Leverage Seamless Platforms Initiative,Engineering,1403277,planned
463,Harness One-To-One Infrastructures Initiative,Finance,4999958,active
464,Cultivate Seamless Markets Initiative,Engineering,540350,planned
465,Re-Contextualize End-To-End Systems Initiative,Sales,154523,planned
466,Cultivate E-Business Solutions Initiative,Operations,4332937,active
467,Whiteboard Open-Source Relationships Initiative,Operations,94111,active
468,Scale Revolutionary Synergies Initiative,Finance,4381277,active
469,Orchestrate User-Centric Paradigms Initiative,Human Resources,2242494,active
470,Revolutionize E-Business Niches Initiative,Research & Development,4620813,completed
471,Extend E-Business Web-Readiness Initiative,Human Resources,989472,active
472,Orchestrate Cross-Platform Schemas Initiative,Operations,1992294,planned
473,Streamline Robust Eyeballs Initiative,Sales,1195567,on_hold
474,Iterate Holistic Functionalities Initiative,Finance,798104,active
475,Iterate User-Centric Supply-Chains Initiative,Sales,640518,planned
476,Disintermediate Extensible Channels Initiative,Finance,728713,planned
477,Leverage Granular Synergies Initiative,Engineering,4735516,planned
478,Deliver Compelling Partnerships Initiative,Operations,473100,planned
479,Enable Dynamic Communities Initiative,Operations,1439096,active
480,Grow Viral Users Initiative,Engineering,516353,planned
481,Orchestrate Scalable Infrastructures Initiative,Research & Development,225859,active
482,Re-Contextualize Interactive Niches Initiative,Research & Development,491636,active
483,Architect Back-End Partnerships Initiative,Operations,2396154,active
484,Exploit Mission-Critical Architectures Initiative,Engineering,152439,completed
485,Visualize Real-Time Channels Initiative,Human Resources,582085,active
486,Synergize Bleeding-Edge E-Tailers Initiative,Finance,4257650,planned
487,Morph Bricks-And-Clicks Deliverables Initiative,Operations,3264745,on_hold
488,Utilize Customized Architectures Initiative,Operations,2345771,completed
489,Streamline Robust Platforms Initiative,Operations,4194550,active
490,Streamline Impactful Users Initiative,Engineering,1860959,active
491,Transform Best-Of-Breed Mindshare Initiative,Engineering,2571464,active
492,Scale Compelling Applications Initiative,Operations,2496998,completed
493,Target E-Business Experiences Initiative,Operations,2509506,active
494,Orchestrate Frictionless Eyeballs Initiative,Sales,2307777,planned
495,Engineer Bricks-And-Clicks Technologies Initiative,Sales,4731684,active
496,Re-Contextualize Cutting-Edge Interfaces Initiative,Finance,467371,planned
497,E-Enable Compelling Platforms Initiative,Finance,1278146,active
498,Deliver Seamless Interfaces Initiative,Human Resources,1867463,planned
499,Reinvent Holistic Technologies Initiative,Human Resources,3919956,active
500,Aggregate Cutting-Edge Relationships Initiative,Sales,4325504,active
